{
  "routes": [
    {
      "routePath": "/error1",
      "mountPath": "error1",
      "method": [
        "GET",
        "POST",
        "PUT",
        "DELETE",
        "PATCH",
        "HEAD",
        "OPTIONS"
      ],
      "module": [
        "error1/index.js:onRequest"
      ]
    },
    {
      "routePath": "/error2",
      "mountPath": "error2",
      "method": [
        "GET",
        "POST",
        "PUT",
        "DELETE",
        "PATCH",
        "HEAD",
        "OPTIONS"
      ],
      "module": [
        "error2/index.js:onRequest"
      ]
    },
    {
      "routePath": "/normal",
      "mountPath": "normal",
      "method": [
        "GET",
        "POST",
        "PUT",
        "DELETE",
        "PATCH",
        "HEAD",
        "OPTIONS"
      ],
      "module": [
        "normal/index.js:onRequest"
      ]
    }
  ]
}