{
  "conf": {
    "headers": [],
    "redirects": [],
    "rewrites": [],
    "caches": [],
    "outputDirectory": ".edgeone",
    "has404": true
  },
  "has404": true,
  "nodeFunctionsRoutes": [
    {
      "routePath": "/error1",
      "mountPath": "error1",
      "method": [
        "GET",
        "POST",
        "PUT",
        "DELETE",
        "PATCH",
        "HEAD",
        "OPTIONS"
      ],
      "module": [
        "error1/index.js:onRequest"
      ]
    },
    {
      "routePath": "/error2",
      "mountPath": "error2",
      "method": [
        "GET",
        "POST",
        "PUT",
        "DELETE",
        "PATCH",
        "HEAD",
        "OPTIONS"
      ],
      "module": [
        "error2/index.js:onRequest"
      ]
    },
    {
      "routePath": "/normal",
      "mountPath": "normal",
      "method": [
        "GET",
        "POST",
        "PUT",
        "DELETE",
        "PATCH",
        "HEAD",
        "OPTIONS"
      ],
      "module": [
        "normal/index.js:onRequest"
      ]
    }
  ],
  "edgeFunctionsRoutes": [
    {
      "routePath": "/api",
      "mountPath": "/",
      "method": [
        "GET",
        "POST",
        "PUT",
        "DELETE",
        "PATCH",
        "HEAD",
        "OPTIONS"
      ],
      "module": [
        "edge-functions/api/index.js:onRequest"
      ]
    }
  ],
  "nextRoutes": [
    {
      "path": "/_global-error",
      "isStatic": true,
      "srcRoute": "/_global-error",
      "dataRoute": "/_global-error.rsc"
    },
    {
      "path": "/_not-found",
      "isStatic": true,
      "srcRoute": "/_not-found",
      "dataRoute": "/_not-found.rsc"
    },
    {
      "path": "/en",
      "isStatic": true,
      "srcRoute": "/en",
      "dataRoute": "/en.rsc"
    },
    {
      "path": "/favicon.ico",
      "isStatic": true,
      "srcRoute": "/favicon.ico"
    },
    {
      "path": "/home",
      "isStatic": true,
      "srcRoute": "/home",
      "dataRoute": "/home.rsc"
    },
    {
      "path": "/",
      "isStatic": true,
      "srcRoute": "/",
      "dataRoute": "/index.rsc"
    },
    {
      "path": "/zh",
      "isStatic": true,
      "srcRoute": "/zh",
      "dataRoute": "/zh.rsc"
    },
    {
      "path": "/404",
      "isStatic": true
    },
    {
      "path": "/500",
      "isStatic": true
    },
    {
      "path": "/_next/image"
    }
  ]
}